{"cameraMode":{"drawMode":0,"name":"Shaded","section":"Shading Mode"},"sceneLighting":true,"audioPlay":false,"sceneViewState":{"showFog":true,"showMaterialUpdate":false,"showSkybox":true,"showFlares":true,"showImageEffects":true,"showParticleSystems":true},"in2DMode":false,"pivot":{"x":24.822250366210939,"y":-46.798179626464847,"z":84.95376586914063},"rotation":{"x":-0.2501130700111389,"y":-0.13396863639354707,"z":0.0349666103720665,"w":-0.9582657814025879},"size":138.0127410888672,"orthographic":false}